{
  "bot_states": [
    {
      "ID": 0,
      "direction": -21.735820224601163,
      "state": {},
      "x_position": -479.68095070779236,
      "y_position": -67.673183522984019
    },
    {
      "ID": 1,
      "direction": 1.5707963267948966,
      "state": {},
      "x_position": -417.50855066228286,
      "y_position": -32.469301749134111
    },
    {
      "ID": 2,
      "direction": 1.5707963267948966,
      "state": {},
      "x_position": -422.66665649414062,
      "y_position": -66.666664123535156
    },
    {
      "ID": 3,
      "direction": 1.5707963267948966,
      "state": {},
      "x_position": -388.27582503820781,
      "y_position": -54.478340567864684
    }
  ],
  "ticks": 722
}