{
  "bot_states": [
    {
      "ID": 0,
      "direction": 3.2535819559231305,
      "state": {},
      "x_position": 6.6666665077209473,
      "y_position": 72.0
    },
    {
      "ID": 1,
      "direction": 1.5707963267948966,
      "state": {},
      "x_position": -193.33332824707031,
      "y_position": -94.666664123535156
    },
    {
      "ID": 20,
      "direction": 3.2897040304929668,
      "state": {},
      "x_position": 82.666664123535156,
      "y_position": 97.333335876464844
    }
  ],
  "ticks": 2
}