{
  "bot_states": [
    {
      "ID": 0,
      "direction": -21.735820224601163,
      "state": {},
      "x_position": 0.68095070779236,
      "y_position": 0.673183522984019
    },
    {
      "ID": 1,
      "direction": 1.5707963267948966,
      "state": {},
      "x_position": 100.50855066228286,
      "y_position": 0.469301749134111
    }
  ],
  "ticks": 722
}