{
  "bot_states": [
    {
      "ID": 0,
      "direction": 3.2535819559231305,
      "state": {},
      "x_position": -4.0,
      "y_position": 33.333332061767578
    },
    {
      "ID": 1,
      "direction": 1.5707963267948966,
      "state": {},
      "x_position": -341.33334350585938,
      "y_position": -130.66667175292969
    },
    {
      "ID": 2,
      "direction": 3.141592653,
      "state": {},
      "x_position": 0,
      "y_position": 0 
    }
  ],
  "ticks": 2
}